City_ID,City,Country,Date,Lat,Lng,Max Temp,Humidity,Cloudiness,Wind Speed
0,Port Elizabeth,ZA,2022-07-13 21:22:01,-33.918,25.5701,59.29,67,0,14.97
1,Port Alfred,ZA,2022-07-13 21:30:58,-33.5906,26.891,56.66,81,0,11.65
2,Taoudenni,ML,2022-07-13 21:27:26,22.6783,-3.9836,106.9,10,71,6.67
3,Cabo San Lucas,MX,2022-07-13 21:30:59,22.8909,-109.9124,94.6,48,0,4.61
4,Torbay,CA,2022-07-13 21:28:37,47.6666,-52.7314,74.17,49,40,20.71
5,Qaanaaq,GL,2022-07-13 21:26:51,77.484,-69.3632,38.77,96,100,6.24
6,Butaritari,KI,2022-07-13 21:31:00,3.0707,172.7902,82.54,77,72,17.07
7,Jamestown,US,2022-07-13 21:25:52,42.097,-79.2353,75.02,54,75,8.05
8,Mar Del Plata,AR,2022-07-13 21:31:01,-38.0023,-57.5575,55.94,63,0,15.01
9,Rikitea,PF,2022-07-13 21:25:34,-23.1203,-134.9692,73.09,78,86,7.9
10,Collie,AU,2022-07-13 21:31:02,-33.3667,116.15,48.87,97,1,4.5
11,Khatanga,RU,2022-07-13 21:31:02,71.9667,102.5,43.59,82,100,8.84
12,Bredasdorp,ZA,2022-07-13 21:31:03,-34.5322,20.0403,59.56,72,100,18.75
13,Brokopondo,SR,2022-07-13 21:25:54,4.75,-55.1667,78.89,87,100,7.2
14,Hasaki,JP,2022-07-13 21:31:04,35.7333,140.8333,73.8,89,95,13.65
15,Erenhot,CN,2022-07-13 21:31:04,43.6475,111.9767,68.4,45,55,6.13
16,Castro,BR,2022-07-13 21:31:05,-24.7911,-50.0119,53.53,95,98,8.9
17,Saskylakh,RU,2022-07-13 21:28:29,71.9167,114.0833,45.05,65,100,10.4
18,Longyearbyen,SJ,2022-07-13 21:26:00,78.2186,15.6401,49.84,93,75,9.22
19,Flinders,AU,2022-07-13 21:31:06,-34.5833,150.8552,52.88,72,81,10.0
20,Wenatchee,US,2022-07-13 21:31:04,47.4235,-120.3103,89.89,22,0,14.97
21,Hermanus,ZA,2022-07-13 21:27:04,-34.4187,19.2345,62.8,82,100,19.51
22,Catuday,PH,2022-07-13 21:31:07,16.2923,119.8062,79.45,83,100,10.31
23,Muros,ES,2022-07-13 21:24:23,42.7762,-9.0603,75.83,63,96,7.36
24,Mataura,NZ,2022-07-13 21:25:24,-46.1927,168.8643,41.49,98,100,3.98
25,Lompoc,US,2022-07-13 21:23:03,34.6391,-120.4579,88.7,62,0,18.41
26,Busselton,AU,2022-07-13 21:27:00,-33.65,115.3333,61.29,76,14,16.62
27,Punta Arenas,CL,2022-07-13 21:27:25,-53.15,-70.9167,37.51,81,75,18.41
28,Orumiyeh,IR,2022-07-13 21:31:09,37.5527,45.0761,71.15,46,0,4.61
29,Bluff,NZ,2022-07-13 21:26:49,-46.6,168.3333,41.81,79,100,10.96
30,Witu,KE,2022-07-13 21:31:09,-2.3889,40.4382,73.74,89,96,14.76
31,Bethel,US,2022-07-13 21:24:43,41.3712,-73.414,91.04,50,0,4.61
32,Mangit,UZ,2022-07-13 21:31:10,40.5971,70.9607,77.05,31,0,6.85
33,Pacific Grove,US,2022-07-13 21:31:11,36.6177,-121.9166,76.39,70,0,9.22
34,Ponta Do Sol,PT,2022-07-13 21:25:32,32.6667,-17.1,72.01,76,10,4.25
35,College,US,2022-07-13 21:31:12,64.8569,-147.8028,63.0,65,75,8.05
36,Chuy,UY,2022-07-13 21:29:44,-33.6971,-53.4616,46.33,80,5,6.78
37,Lebu,CL,2022-07-13 21:31:13,-37.6167,-73.65,44.96,78,100,0.45
38,Hamilton,US,2022-07-13 21:27:01,39.1834,-84.5333,88.95,44,40,6.91
39,Amazar,RU,2022-07-13 21:31:13,53.858,120.875,59.95,99,100,3.47
40,Luderitz,NA,2022-07-13 21:31:14,-26.6481,15.1594,56.16,62,0,16.22
41,Mahebourg,MU,2022-07-13 21:26:59,-20.4081,57.7,65.25,78,70,15.35
42,Horta,PT,2022-07-13 21:27:18,38.5333,-28.6333,73.04,73,20,4.61
43,Port-Cartier,CA,2022-07-13 21:31:15,50.0334,-66.8654,70.02,68,96,1.86
44,Teguise,ES,2022-07-13 21:23:15,29.0605,-13.564,70.02,73,20,13.8
45,Marquette,US,2022-07-13 21:32:16,46.5333,-87.6335,69.78,65,4,6.76
46,Sakakah,SA,2022-07-13 21:28:48,29.9697,40.2064,94.57,19,0,15.48
47,Cidreira,BR,2022-07-13 21:32:17,-30.1811,-50.2056,57.04,76,0,19.01
48,Ushuaia,AR,2022-07-13 21:21:34,-54.8,-68.3,35.26,64,75,5.75
49,Kaohsiung,TW,2022-07-13 21:32:18,22.6163,120.3133,84.04,85,75,4.61
50,Wakefield,GB,2022-07-13 21:31:51,53.6809,-1.499,62.26,71,44,6.15
51,Tecpan,GT,2022-07-13 21:32:19,14.7623,-90.9947,64.0,67,93,5.7
52,New Norfolk,AU,2022-07-13 21:26:59,-42.7826,147.0587,37.71,87,67,1.01
53,Souillac,MU,2022-07-13 21:25:41,-20.5167,57.5167,69.03,76,66,14.23
54,Hithadhoo,MV,2022-07-13 21:31:30,-0.6,73.0833,83.46,73,97,12.86
55,Puerto Ayora,EC,2022-07-13 21:32:20,-0.7393,-90.3518,75.16,85,43,4.0
56,Namatanai,PG,2022-07-13 21:29:46,-3.6667,152.4333,79.54,84,100,7.58
57,Hobart,AU,2022-07-13 21:30:07,-42.8794,147.3294,39.06,92,75,6.91
58,Thompson,CA,2022-07-13 21:26:53,55.7435,-97.8558,80.76,36,0,12.66
59,Pangnirtung,CA,2022-07-13 21:26:32,66.1451,-65.7125,44.6,93,75,12.66
60,Victoria,HK,2022-07-13 21:27:48,22.2855,114.1577,85.32,85,57,1.01
61,Atuona,PF,2022-07-13 21:25:25,-9.8,-139.0333,78.08,72,35,19.28
62,Missoula,US,2022-07-13 21:32:22,47.0166,-113.8009,83.64,42,100,7.11
63,Cherskiy,RU,2022-07-13 21:32:22,68.75,161.3,48.99,51,87,15.61
64,Tari,NG,2022-07-13 21:32:23,12.4086,4.4914,83.03,64,79,8.46
65,Yellowknife,CA,2022-07-13 21:26:22,62.456,-114.3525,68.52,56,75,8.05
66,Jiexiu,CN,2022-07-13 21:32:24,37.0244,111.9125,77.18,71,99,1.43
67,Walvis Bay,NA,2022-07-13 21:32:24,-22.9575,14.5053,54.55,82,0,6.91
68,Pevek,RU,2022-07-13 21:26:53,69.7008,170.3133,36.54,88,99,5.57
69,Vostok,RU,2022-07-13 21:32:25,46.4856,135.8833,65.71,90,85,3.27
70,Tarut,SA,2022-07-13 21:32:25,26.5733,50.0369,88.02,38,100,9.26
71,Harper,LR,2022-07-13 21:27:02,4.375,-7.7169,76.1,80,100,11.86
72,Vaini,TO,2022-07-13 21:27:03,-21.2,-175.2,78.96,89,40,13.8
73,Shache,CN,2022-07-13 21:32:26,38.4167,77.2406,69.84,38,100,5.35
74,Ararat,AM,2022-07-13 21:28:31,39.8317,44.7049,82.74,38,0,5.77
75,Pangai,TO,2022-07-13 21:32:27,-19.8,-174.35,80.71,78,75,13.8
76,Hilo,US,2022-07-13 21:27:01,19.7297,-155.09,81.28,91,100,11.5
77,Hay River,CA,2022-07-13 21:32:28,60.8156,-115.7999,69.78,35,75,6.91
78,Bibbiena,IT,2022-07-13 21:32:28,43.6965,11.8135,68.9,42,4,2.68
79,Pilikwe,BW,2022-07-13 21:32:29,-22.799,27.1938,57.63,44,10,3.06
80,Avarua,CK,2022-07-13 21:32:29,-21.2078,-159.775,75.25,60,75,12.66
81,Saint-Philippe,RE,2022-07-13 21:32:30,-21.3585,55.7679,67.59,77,31,10.31
82,Avera,US,2022-07-13 21:32:31,33.194,-82.5271,84.38,79,100,10.76
83,Gimli,CA,2022-07-13 21:29:41,50.6336,-96.9907,75.22,46,0,5.75
84,Inhambane,MZ,2022-07-13 21:32:31,-23.865,35.3833,65.79,68,0,6.53
85,Nikolskoye,RU,2022-07-13 21:29:46,59.7035,30.7861,67.8,72,35,4.63
86,Scottsbluff,US,2022-07-13 21:32:32,41.8666,-103.6672,102.78,20,0,6.91
87,Winona,US,2022-07-13 21:32:33,43.9666,-91.7668,78.6,62,0,5.75
88,Arbagar,RU,2022-07-13 21:32:33,51.9438,116.2805,59.16,91,58,4.03
89,Alofi,NU,2022-07-13 21:32:33,-19.0595,-169.9187,80.49,69,46,16.11
90,Albany,US,2022-07-13 21:27:21,42.6001,-73.9662,84.45,42,68,5.12
91,Nizhniy Tsasuchey,RU,2022-07-13 21:33:34,50.5167,115.1333,61.48,69,7,7.29
92,La Ronge,CA,2022-07-13 21:27:09,55.1001,-105.2842,89.82,23,20,20.71
93,Viseu,PT,2022-07-13 21:33:35,40.661,-7.9097,81.37,31,96,6.93
94,Georgetown,MY,2022-07-13 21:30:12,5.4112,100.3354,80.53,89,20,3.44
95,Vestmanna,FO,2022-07-13 21:33:35,62.1564,-7.1664,45.52,100,100,1.14
96,Kraskino,RU,2022-07-13 21:33:36,42.7114,130.7794,64.4,99,100,6.73
97,Te Anau,NZ,2022-07-13 21:33:37,-45.4167,167.7167,40.17,95,100,1.1
98,Tautira,PF,2022-07-13 21:33:37,-17.7333,-149.15,76.69,72,48,15.19
99,Boa Vista,BR,2022-07-13 21:33:22,2.8197,-60.6733,84.18,70,75,5.75
100,Coahuayana,MX,2022-07-13 21:33:38,18.7333,-103.6833,88.05,65,91,6.76
101,Fortuna,US,2022-07-13 21:31:39,40.5982,-124.1573,66.85,73,75,4.0
102,Dombarovskiy,RU,2022-07-13 21:33:39,50.7587,59.5386,73.0,51,57,10.09
103,Naze,JP,2022-07-13 21:33:39,28.3667,129.4833,79.72,86,99,9.44
104,Quelimane,MZ,2022-07-13 21:33:40,-17.8786,36.8883,66.15,88,75,0.0
105,Keelung,TW,2022-07-13 21:33:40,25.1283,121.7419,83.12,79,100,6.78
106,Tuktoyaktuk,CA,2022-07-13 21:33:41,69.4541,-133.0374,41.0,93,100,13.8
107,Ixtapa,MX,2022-07-13 21:33:42,20.7,-105.2,84.22,79,75,8.05
108,Fort Nelson,CA,2022-07-13 21:27:04,58.8053,-122.7002,62.19,45,75,5.75
109,Bambous Virieux,MU,2022-07-13 21:33:42,-20.3428,57.7575,65.21,77,79,14.79
110,Corning,US,2022-07-13 21:33:43,42.1428,-77.0547,75.24,66,40,6.91
111,Taltal,CL,2022-07-13 21:33:43,-25.4,-70.4833,57.02,76,90,4.12
112,Kodiak,US,2022-07-13 21:33:44,57.79,-152.4072,60.31,72,75,8.05
113,Thyboron,DK,2022-07-13 21:33:44,56.6985,8.2124,57.18,74,16,25.08
114,Faranah,GN,2022-07-13 21:33:45,10.0404,-10.7434,71.73,95,99,3.87
115,Mount Isa,AU,2022-07-13 21:31:32,-20.7333,139.5,49.77,53,0,10.36
116,Iqaluit,CA,2022-07-13 21:29:49,63.7506,-68.5145,46.13,71,75,6.91
117,Rocha,UY,2022-07-13 21:27:27,-34.4833,-54.3333,45.27,80,10,6.55
118,Cape Town,ZA,2022-07-13 21:26:58,-33.9258,18.4232,56.88,93,100,14.97
119,Sao Filipe,CV,2022-07-13 21:33:46,14.8961,-24.4956,75.06,79,47,11.72
120,Yumaguzino,RU,2022-07-13 21:33:47,52.9041,56.3933,65.17,87,6,3.96
121,Iracoubo,GF,2022-07-13 21:33:47,5.4802,-53.2011,75.67,91,100,6.04
122,Sitka,US,2022-07-13 21:33:11,57.0531,-135.33,57.09,82,75,4.61
123,Vila Franca Do Campo,PT,2022-07-13 21:24:39,37.7167,-25.4333,70.2,89,79,10.74
124,Raga,SS,2022-07-13 21:30:16,8.4596,25.678,70.0,96,99,4.21
125,Carnarvon,AU,2022-07-13 21:29:38,-24.8667,113.6333,67.51,80,18,6.89
126,Upata,VE,2022-07-13 21:27:00,8.0086,-62.3989,84.2,73,97,3.85
127,Chaparral,CO,2022-07-13 21:33:49,3.7232,-75.4832,81.95,59,63,3.96
128,Jumla,NP,2022-07-13 21:32:45,29.2747,82.1838,61.95,93,100,3.42
129,Ekhabi,RU,2022-07-13 21:31:21,53.5102,142.9671,57.4,86,81,12.8
130,Fairbanks,US,2022-07-13 21:29:21,64.8378,-147.7164,62.6,67,75,8.05
131,Klyuchi,RU,2022-07-13 21:30:08,52.2667,79.1667,59.0,78,100,5.01
132,Arraial Do Cabo,BR,2022-07-13 21:28:43,-22.9661,-42.0278,71.56,88,40,8.05
133,Duku,NG,2022-07-13 21:33:50,11.2361,4.9073,75.94,84,84,4.63
134,Noumea,NC,2022-07-13 21:34:51,-22.2763,166.4572,72.0,99,95,18.9
135,Kumba,CM,2022-07-13 21:34:52,4.6363,9.4469,70.36,99,100,1.28
136,Barbate,ES,2022-07-13 21:34:52,36.1924,-5.9219,76.62,60,1,20.27
137,Vaitape,PF,2022-07-13 21:34:53,-16.5167,-151.75,78.48,72,20,19.06
138,Quimper,FR,2022-07-13 21:34:54,48.0,-4.1,70.38,64,0,6.91
139,Kapaa,US,2022-07-13 21:34:39,22.0752,-159.319,84.52,71,40,16.11
140,Tura,IN,2022-07-13 21:34:55,25.5198,90.2201,74.88,98,91,2.71
141,Verkhoyansk,RU,2022-07-13 21:34:55,67.5447,133.385,57.92,63,90,3.56
142,Newport,GB,2022-07-13 21:30:01,51.5877,-2.9984,67.68,66,99,8.75
143,Key West,US,2022-07-13 21:34:40,24.5557,-81.7826,93.2,61,20,9.22
144,Toora-Khem,RU,2022-07-13 21:34:56,52.4675,96.11,46.49,95,90,3.96
145,Esperance,AU,2022-07-13 21:30:20,-33.8667,121.9,59.52,44,62,23.22
146,Haines Junction,CA,2022-07-13 21:34:57,60.7522,-137.5108,55.35,67,99,2.3
147,Bandarbeyla,SO,2022-07-13 21:24:48,9.4942,50.8122,76.48,83,69,28.68
148,Alotenango,GT,2022-07-13 21:34:57,14.4803,-90.8075,74.77,90,90,2.53
149,Angoche,MZ,2022-07-13 21:34:58,-16.2325,39.9086,72.66,69,0,9.44
150,Kulhudhuffushi,MV,2022-07-13 21:34:58,6.6221,73.07,81.46,77,100,17.83
151,Broome,US,2022-07-13 21:34:59,42.2506,-75.833,77.38,72,40,10.36
152,Padang,ID,2022-07-13 21:34:59,-0.9492,100.3543,78.26,85,98,3.09
153,Saint Anthony,US,2022-07-13 21:30:08,45.0205,-93.218,81.14,56,0,11.5
154,Hegang,CN,2022-07-13 21:35:00,47.4,130.3667,65.35,97,100,8.46
155,Prince Rupert,CA,2022-07-13 21:24:47,54.3161,-130.3201,55.49,90,100,24.16
156,Bengkulu,ID,2022-07-13 21:30:11,-3.8004,102.2655,76.21,90,100,3.4
157,Manoel Urbano,BR,2022-07-13 21:35:01,-8.8389,-69.2597,83.16,60,88,2.82
158,Znamenskoye,RU,2022-07-13 21:35:02,57.1281,73.8282,52.95,97,32,3.87
159,Tasiilaq,GL,2022-07-13 21:32:47,65.6145,-37.6368,46.56,81,20,4.25
160,Cotonou,BJ,2022-07-13 21:35:03,6.3654,2.4183,76.98,88,40,11.5
161,Salvador,SV,2022-07-13 21:32:39,13.8333,-88.9167,84.24,82,92,3.0
162,Klaksvik,FO,2022-07-13 21:25:39,62.2266,-6.589,47.32,76,73,8.99
163,Rucheng,CN,2022-07-13 21:35:04,32.3883,120.5553,85.96,76,100,5.75
164,Port Lincoln,AU,2022-07-13 21:35:04,-34.7333,135.8667,50.02,79,3,4.81
165,Champerico,GT,2022-07-13 21:35:05,14.3,-91.9167,91.94,70,68,6.2
166,Norman Wells,CA,2022-07-13 21:35:06,65.282,-126.8329,55.44,82,100,11.5
167,Chokurdakh,RU,2022-07-13 21:25:51,70.6333,147.9167,43.45,71,73,12.57
168,Buala,SB,2022-07-13 21:35:06,-8.145,159.5921,82.11,68,21,6.62
169,Bilma,NE,2022-07-13 21:35:07,18.6853,12.9164,91.81,17,16,5.08
170,Barentu,ER,2022-07-13 21:35:08,15.1139,37.5928,72.82,72,100,3.62
171,Kruisfontein,ZA,2022-07-13 21:35:08,-34.0033,24.7314,50.88,65,0,9.26
172,Takoradi,GH,2022-07-13 21:35:09,4.8845,-1.7554,74.48,88,100,8.95
173,Calama,CL,2022-07-13 21:35:09,-22.4667,-68.9333,61.29,16,0,26.46
174,Talnakh,RU,2022-07-13 21:29:44,69.4865,88.3972,49.21,66,47,3.31
175,Half Moon Bay,US,2022-07-13 21:30:14,37.4636,-122.4286,85.41,67,20,18.41
176,Kerrville,US,2022-07-13 21:35:10,30.0474,-99.1403,102.45,33,97,14.36
177,Nenjiang,CN,2022-07-13 21:35:11,49.1833,125.2167,65.62,96,100,4.05
178,Sibolga,ID,2022-07-13 21:36:11,1.7427,98.7792,76.96,91,98,2.93
179,Virginia Beach,US,2022-07-13 21:36:12,36.8529,-75.978,79.02,90,100,0.0
180,Salalah,OM,2022-07-13 21:24:07,17.0151,54.0924,77.09,100,75,6.91
181,Riyadh,SA,2022-07-13 21:34:34,24.6877,46.7219,95.14,11,100,9.75
182,Tilichiki,RU,2022-07-13 21:36:13,60.4667,166.1,68.32,67,17,4.9
183,Grand Gaube,MU,2022-07-13 21:36:13,-20.0064,57.6608,65.37,84,72,5.01
184,Saldanha,ZA,2022-07-13 21:32:45,-33.0117,17.9442,55.45,90,100,11.32
185,Portoferraio,IT,2022-07-13 21:36:14,42.8115,10.3146,80.17,72,3,0.76
186,Borovskoy,KZ,2022-07-13 21:36:15,53.8,64.15,65.16,73,100,3.67
187,Hofn,IS,2022-07-13 21:36:15,64.2539,-15.2082,50.74,83,32,8.72
188,Ilulissat,GL,2022-07-13 21:23:43,69.2167,-51.1,46.42,76,75,4.61
189,Morgan City,US,2022-07-13 21:36:16,29.6994,-91.2068,84.99,82,100,8.16
190,Petropavlovsk-Kamchatskiy,RU,2022-07-13 21:36:17,53.0452,158.6483,61.39,88,75,4.47
191,Beitbridge,ZW,2022-07-13 21:36:17,-22.2167,30.0,65.16,41,23,4.59
192,Phek,IN,2022-07-13 21:36:18,25.6667,94.5,59.45,98,25,2.06
193,Okha,RU,2022-07-13 21:36:18,53.5739,142.9478,57.09,87,77,12.71
194,Abu Zabad,SD,2022-07-13 21:36:19,12.35,29.25,78.85,67,100,6.24
195,Orillia,CA,2022-07-13 21:35:20,44.6087,-79.4207,70.3,64,100,8.05
196,Kawalu,ID,2022-07-13 21:36:20,-7.3817,108.2082,70.93,98,94,0.98
197,Mount Pleasant,US,2022-07-13 21:36:20,32.7941,-79.8626,82.99,81,75,5.75
198,Ambilobe,MG,2022-07-13 21:36:21,-13.2,49.05,67.6,77,10,3.8
199,Dikson,RU,2022-07-13 21:36:21,73.5069,80.5464,43.92,74,100,8.39
200,Khao Yoi,TH,2022-07-13 21:36:22,13.2403,99.8243,75.9,79,100,1.52
201,Joensuu,FI,2022-07-13 21:36:22,62.6012,29.7632,63.09,72,0,4.61
202,Aykhal,RU,2022-07-13 21:36:23,66.0,111.5,47.59,79,55,7.16
203,East London,ZA,2022-07-13 21:27:05,-33.0153,27.9116,60.06,74,0,5.66
204,La Plata,AR,2022-07-13 21:36:24,-34.9215,-57.9545,56.01,66,98,9.24
205,Mitsamiouli,KM,2022-07-13 21:30:19,-11.3847,43.2844,78.06,73,86,2.06
206,Narsaq,GL,2022-07-13 21:36:24,60.9167,-46.05,57.42,74,100,4.32
207,Amahai,ID,2022-07-13 21:36:25,-3.3333,128.9167,74.91,97,99,6.11
208,Hanting,CN,2022-07-13 21:36:26,36.7708,119.2108,77.25,86,93,1.43
209,Provideniya,RU,2022-07-13 21:27:01,64.3833,-173.3,51.91,82,100,13.42
210,Kokopo,PG,2022-07-13 21:36:27,-4.352,152.2633,81.1,75,100,9.13
211,Charagua,BO,2022-07-13 21:36:27,-19.8,-63.2167,76.57,60,82,13.94
212,Barrow,US,2022-07-13 21:27:32,71.2906,-156.7887,42.82,61,100,13.8
213,Maumere,ID,2022-07-13 21:36:28,-8.6199,122.2111,74.23,83,99,8.46
214,Sao Jose Dos Pinhais,BR,2022-07-13 21:36:29,-25.5347,-49.2064,54.73,87,100,8.99
215,Flin Flon,CA,2022-07-13 21:36:30,54.7682,-101.865,84.04,42,20,10.36
216,Pirapora,BR,2022-07-13 21:33:29,-17.345,-44.9419,72.97,40,12,2.73
217,Lynn Haven,US,2022-07-13 21:33:48,30.2455,-85.6483,88.03,72,100,4.0
218,Pisco,PE,2022-07-13 21:34:44,-13.7,-76.2167,66.25,68,0,19.57
219,Makushino,RU,2022-07-13 21:36:31,55.2103,67.2442,62.76,79,10,5.61
220,Bumba,CD,2022-07-13 21:36:32,2.1833,22.4667,71.35,94,100,0.94
221,Sembe,CG,2022-07-13 21:36:32,1.6481,14.5806,71.38,91,86,2.08
222,Guarapari,BR,2022-07-13 21:36:33,-20.6667,-40.4975,71.89,90,7,4.85
223,Dingle,PH,2022-07-13 21:28:54,10.9995,122.6711,75.36,92,34,1.48
224,San Patricio,US,2022-07-13 21:37:33,28.017,-97.5169,98.55,38,16,16.13
225,Katsuura,JP,2022-07-13 21:37:34,35.1333,140.3,75.16,92,100,9.84
226,Klamath Falls,US,2022-07-13 21:32:53,42.2249,-121.7817,90.88,27,0,3.44
227,Isabela,PH,2022-07-13 21:37:35,6.7085,121.9711,75.25,83,95,2.06
228,Acapulco,MX,2022-07-13 21:34:51,16.8634,-99.8901,85.82,70,40,6.91
229,Taganak,PH,2022-07-13 21:37:35,6.0833,118.3,77.14,82,97,7.56
230,Atibaia,BR,2022-07-13 21:37:36,-23.131,-46.589,60.12,92,96,7.65
231,Chigorodo,CO,2022-07-13 21:37:37,7.6664,-76.6811,85.8,70,40,5.75
232,Rawson,AR,2022-07-13 21:37:37,-43.3002,-65.1023,44.8,44,47,9.37
233,Kavieng,PG,2022-07-13 21:37:38,-2.5744,150.7967,81.68,77,100,5.5
234,Kununurra,AU,2022-07-13 21:37:39,-15.7667,128.7333,55.38,41,4,6.91
235,Clyde River,CA,2022-07-13 21:37:39,70.4692,-68.5914,41.23,87,20,14.97
236,Ribeira Grande,PT,2022-07-13 21:31:24,38.5167,-28.7,73.8,73,20,4.61
237,Geraldton,AU,2022-07-13 21:37:40,-28.7667,114.6,57.61,94,4,10.36
238,Paamiut,GL,2022-07-13 21:37:40,61.994,-49.6678,43.0,84,90,6.46
239,Lorengau,PG,2022-07-13 21:28:25,-2.0226,147.2712,81.03,82,100,6.96
240,Kaa-Khem,RU,2022-07-13 21:37:42,51.6833,94.7333,51.64,85,50,3.74
241,Aktash,RU,2022-07-13 21:37:42,50.3,87.7333,38.03,94,100,3.47
242,Udachnyy,RU,2022-07-13 21:37:43,66.4167,112.4,44.46,93,68,10.92
243,Honiara,SB,2022-07-13 21:37:43,-9.4333,159.95,81.9,70,50,5.03
244,Arlit,NE,2022-07-13 21:37:44,18.7369,7.3853,96.89,15,85,18.01
245,Andrelandia,BR,2022-07-13 21:37:45,-21.7397,-44.3092,58.95,91,24,6.38
246,Wittstock,DE,2022-07-13 21:37:45,53.1612,12.4829,60.67,72,97,8.52
247,Bonnyville,CA,2022-07-13 21:37:46,54.2668,-110.735,78.6,61,69,8.19
248,Palmaner,IN,2022-07-13 21:37:46,13.2,78.75,72.34,70,100,23.49
249,Karaidel,RU,2022-07-13 21:37:47,55.8337,56.9069,65.32,93,56,3.15
250,Dryden,CA,2022-07-13 21:37:47,49.7833,-92.7503,73.69,38,0,5.75
251,Samarai,PG,2022-07-13 21:37:48,-10.6167,150.6667,77.63,83,100,19.17
252,Merauke,ID,2022-07-13 21:37:48,-8.4667,140.3333,76.17,77,69,13.85
253,Matay,EG,2022-07-13 21:37:49,28.419,30.7792,76.64,45,44,16.42
254,Attock,PK,2022-07-13 21:37:49,33.7695,72.3611,86.47,65,72,5.26
255,Nanortalik,GL,2022-07-13 21:37:50,60.1432,-45.2371,44.67,81,100,2.33
256,Chicama,PE,2022-07-13 21:37:50,-7.8447,-79.1469,61.34,71,40,8.75
257,Jackson,US,2022-07-13 21:33:02,42.4165,-122.8345,93.15,33,0,8.05
258,Rabaul,PG,2022-07-13 21:37:51,-4.1967,152.1721,81.3,75,100,9.28
259,Chernyshevskiy,RU,2022-07-13 21:37:51,63.0128,112.4714,51.91,65,99,4.41
260,Wahiawa,US,2022-07-13 21:37:52,21.5028,-158.0236,84.52,72,17,13.2
261,Saint-Leu,RE,2022-07-13 21:37:53,-21.15,55.2833,67.06,64,55,3.11
262,Whitehorse,CA,2022-07-13 21:37:53,60.7161,-135.0538,50.77,93,100,2.3
263,Tashtagol,RU,2022-07-13 21:37:54,52.7657,87.8894,50.67,75,100,1.43
264,Husavik,IS,2022-07-13 21:28:50,66.0449,-17.3389,49.95,66,30,4.41
265,San Andres,CO,2022-07-13 21:37:55,12.5847,-81.7006,86.02,74,75,11.5
266,Verkhnyaya Inta,RU,2022-07-13 21:37:55,65.9811,60.3094,65.19,86,66,5.19
267,Vao,NC,2022-07-13 21:37:55,-22.6667,167.4833,73.2,75,91,25.55
268,Axim,GH,2022-07-13 21:37:56,4.8699,-2.2405,74.97,87,99,8.3
269,Alyangula,AU,2022-07-13 21:37:56,-13.8483,136.4192,67.78,59,52,16.96
270,Bonthe,SL,2022-07-13 21:28:52,7.5264,-12.505,76.19,89,92,7.94
271,Bereda,ES,2022-07-13 21:38:57,43.2686,-7.5406,74.14,85,99,1.95
272,Aksu,CN,2022-07-13 21:38:58,41.1231,80.2644,72.79,38,65,4.94
273,Dunedin,NZ,2022-07-13 21:38:58,-45.8742,170.5036,48.79,88,100,11.99
274,Lumphat,KH,2022-07-13 21:38:59,13.4878,106.9816,73.29,99,100,3.36
275,Montrose,US,2022-07-13 21:38:59,38.4166,-108.2673,85.41,39,50,0.56
276,Batemans Bay,AU,2022-07-13 21:38:59,-35.7167,150.1833,52.11,67,75,10.94
277,Berdigestyakh,RU,2022-07-13 21:39:00,62.0989,126.6992,62.24,98,100,3.62
278,Monaco-Ville,FR,2022-07-13 21:39:01,43.731,7.4248,82.65,81,0,5.75
279,Da Nang,VN,2022-07-13 21:39:01,16.0678,108.2208,78.78,94,40,1.14
280,Upernavik,GL,2022-07-13 21:37:26,72.7868,-56.1549,41.72,86,18,11.79
281,Ishigaki,JP,2022-07-13 21:39:02,24.3448,124.1572,84.33,89,40,11.5
282,Isla Vista,US,2022-07-13 21:39:02,34.4133,-119.861,94.39,32,1,8.75
283,Boguchany,RU,2022-07-13 21:39:03,58.3814,97.4531,50.2,96,78,2.66
284,Soe,ID,2022-07-13 21:39:03,-9.8607,124.284,60.3,85,69,3.87
285,Wasilla,US,2022-07-13 21:36:13,61.5814,-149.4394,62.65,83,100,4.61
286,Marsa Matruh,EG,2022-07-13 21:37:23,31.3525,27.2453,79.0,65,0,10.36
287,Hobyo,SO,2022-07-13 21:39:04,5.3505,48.5268,78.51,79,65,28.59
288,Gusau,NG,2022-07-13 21:31:31,12.1628,6.6614,79.52,69,79,12.55
289,Bara,NG,2022-07-13 21:39:05,10.3744,10.7288,74.3,91,100,14.85
290,Scarborough,GB,2022-07-13 21:34:14,54.2797,-0.4044,58.33,73,52,5.3
291,Sovetskiy,RU,2022-07-13 21:39:05,61.3614,63.5842,66.22,76,63,4.34
292,Tiksi,RU,2022-07-13 21:30:13,71.6872,128.8694,36.79,95,100,5.66
293,Nouadhibou,MR,2022-07-13 21:39:06,20.931,-17.0347,69.78,83,12,23.02
294,Zhanaozen,KZ,2022-07-13 21:39:07,43.3,52.8,86.38,24,0,13.89
295,Alihe,CN,2022-07-13 21:39:08,50.5667,123.7167,63.63,98,100,3.27
296,Cockburn Town,TC,2022-07-13 21:39:08,21.4612,-71.1419,84.16,65,40,13.8
297,Beloha,MG,2022-07-13 21:39:09,-25.1667,45.05,62.91,81,0,5.73
298,Nara,JP,2022-07-13 21:39:09,34.6851,135.8049,77.5,66,100,0.47
299,Qandala,SO,2022-07-13 21:39:10,11.472,49.8728,91.13,42,53,14.41
300,Mareeba,AU,2022-07-13 21:39:10,-17.0,145.4333,52.45,57,4,1.97
301,Beba,CU,2022-07-13 21:39:11,22.4437,-79.7253,91.67,75,72,11.9
302,Tuatapere,NZ,2022-07-13 21:30:06,-46.1333,167.6833,43.75,87,82,3.94
303,Sistranda,NO,2022-07-13 21:39:12,63.7256,8.834,55.36,86,80,24.81
304,Buchanan,LR,2022-07-13 21:39:13,5.8808,-10.0467,76.19,86,92,9.66
305,Camacha,PT,2022-07-13 21:34:34,33.0833,-16.3333,65.62,73,20,1.14
306,Sao Gabriel,BR,2022-07-13 21:39:13,-30.3364,-54.32,49.3,86,0,11.23
307,Severo-Kurilsk,RU,2022-07-13 21:38:58,50.6789,156.125,54.45,95,100,1.14
308,Adrar,MR,2022-07-13 21:39:14,20.5022,-10.0711,99.61,18,25,6.44
309,Airai,TL,2022-07-13 21:39:15,-8.9266,125.4092,52.09,87,46,3.6
310,Tete,MZ,2022-07-13 21:39:15,-16.1564,33.5867,73.49,56,75,5.75
311,Odweyne,SO,2022-07-13 21:39:16,9.4092,45.064,78.01,38,100,15.9
312,Homa Bay,KE,2022-07-13 21:39:16,-0.5273,34.4571,64.33,60,43,5.39
313,Itubera,BR,2022-07-13 21:39:17,-13.7322,-39.1492,67.44,90,1,3.96
314,Omsukchan,RU,2022-07-13 21:39:18,62.5333,155.8,76.84,49,0,17.2
315,Leningradskiy,RU,2022-07-13 21:39:18,69.3833,178.4167,41.18,71,88,8.68
316,Vanderhoof,CA,2022-07-13 21:39:19,54.0166,-124.0198,68.58,30,78,10.4
317,Mudgee,AU,2022-07-13 21:39:19,-32.5943,149.5871,33.78,81,0,3.91
318,Palana,RU,2022-07-13 21:40:20,59.1167,159.9667,60.8,68,57,14.88
319,Ancud,CL,2022-07-13 21:40:21,-41.8697,-73.8203,41.23,83,88,8.34
320,Codrington,AU,2022-07-13 21:40:21,-38.2667,141.9667,43.95,90,49,6.15
321,Kahului,US,2022-07-13 21:40:21,20.8947,-156.47,84.22,76,40,19.57
322,Berlevag,NO,2022-07-13 21:40:22,70.8578,29.0864,58.8,100,100,19.57
323,San Francisco,US,2022-07-13 21:38:02,37.7749,-122.4194,85.75,74,20,18.41
324,Faya,SA,2022-07-13 21:40:22,18.3851,42.4509,64.51,56,99,5.35
325,Guerrero Negro,MX,2022-07-13 21:40:23,27.9769,-114.0611,74.44,59,13,17.52
326,Smidovich,RU,2022-07-13 21:40:24,48.6,133.8167,68.16,94,27,11.05
327,Bongor,TD,2022-07-13 21:40:24,10.2806,15.3722,74.39,83,100,4.81
328,Coihaique,CL,2022-07-13 21:36:01,-45.5752,-72.0662,33.75,80,100,3.44
329,Yala,TH,2022-07-13 21:40:25,6.3333,101.25,73.53,94,100,3.33
330,Peleduy,RU,2022-07-13 21:40:26,59.6289,112.7406,55.67,77,99,4.18
331,Jagdalpur,IN,2022-07-13 21:40:27,19.0667,82.0333,69.35,97,100,7.87
332,Gunjur,GM,2022-07-13 21:40:27,13.2019,-16.7339,82.47,78,40,5.75
333,Bathsheba,BB,2022-07-13 21:40:28,13.2167,-59.5167,83.05,79,5,17.0
334,Gao,ML,2022-07-13 21:40:29,16.6362,1.637,87.71,42,66,16.06
335,Phan Thiet,VN,2022-07-13 21:40:29,10.9333,108.1,75.72,91,100,9.91
336,Salo,IT,2022-07-13 21:40:30,45.6086,10.531,77.79,55,31,4.16
337,Yarada,IN,2022-07-13 21:40:30,17.65,83.2667,78.69,79,99,17.52
338,Batsfjord,NO,2022-07-13 21:40:31,70.6345,29.7185,58.78,94,75,6.91
339,Sept-Iles,CA,2022-07-13 21:40:32,50.2001,-66.3821,70.32,57,75,13.8
340,Talaya,RU,2022-07-13 21:40:32,61.3833,152.75,76.15,57,18,8.08
341,Balykshi,KZ,2022-07-13 21:40:33,47.0667,51.8667,82.4,36,0,8.95
342,Sena Madureira,BR,2022-07-13 21:40:34,-9.0656,-68.6569,82.98,62,52,1.86
343,Shahganj,IN,2022-07-13 21:40:34,26.05,82.6833,91.69,52,43,12.75
344,Chokwe,MZ,2022-07-13 21:40:34,-24.5333,32.9833,64.62,52,2,6.11
345,Honningsvag,NO,2022-07-13 21:40:35,70.9821,25.9704,58.75,88,40,2.3
346,Hurghada,EG,2022-07-13 21:40:36,27.2574,33.8129,89.64,27,0,11.5
347,Susanville,US,2022-07-13 21:40:36,40.4163,-120.653,89.91,18,0,11.99
348,Hervey Bay,AU,2022-07-13 21:31:25,-25.2986,152.8535,52.18,68,0,19.46
349,Healesville,AU,2022-07-13 21:40:37,-37.65,145.5167,48.22,99,92,1.68
350,Kaitangata,NZ,2022-07-13 21:40:38,-46.2817,169.8464,44.15,88,100,7.99
351,Honolulu,US,2022-07-13 21:38:31,21.3069,-157.8583,87.62,74,40,18.41
352,Cayenne,GF,2022-07-13 21:40:38,4.9333,-52.3333,82.44,78,20,6.91
353,Yaan,NG,2022-07-13 21:40:39,7.3833,8.5667,72.9,94,85,5.19
354,Vuktyl,RU,2022-07-13 21:40:39,63.8567,57.3094,66.81,74,0,4.65
355,Faanui,PF,2022-07-13 21:40:40,-16.4833,-151.75,78.51,72,18,19.04
356,Port Hedland,AU,2022-07-13 21:39:53,-20.3167,118.5667,53.65,58,25,9.22
357,Sukumo,JP,2022-07-13 21:40:41,32.9333,132.7333,73.99,91,100,3.65
358,Srivardhan,IN,2022-07-13 21:40:41,18.0333,73.0167,78.55,88,100,21.99
359,Boende,CD,2022-07-13 21:40:42,-0.2167,20.8667,74.73,69,43,2.68
360,Olga,RU,2022-07-13 21:40:43,43.7444,135.2892,62.98,99,100,9.71
361,Homer,US,2022-07-13 21:40:43,59.6425,-151.5483,60.76,78,100,11.99
362,Kalmunai,LK,2022-07-13 21:39:01,7.4167,81.8167,77.9,66,17,5.59
363,Viedma,AR,2022-07-13 21:40:44,-40.8135,-62.9967,47.41,40,100,6.17
364,Kjopsvik,NO,2022-07-13 21:40:45,68.097,16.3742,57.16,84,92,3.87
365,Kaura Namoda,NG,2022-07-13 21:40:45,12.5898,6.5779,81.5,65,88,14.29
366,Roald,NO,2022-07-13 21:41:45,62.5833,6.1333,56.16,82,75,10.36
367,Grindavik,IS,2022-07-13 21:41:46,63.8424,-22.4338,49.95,81,75,13.8
368,Miles City,US,2022-07-13 21:36:56,46.4083,-105.8406,97.77,30,0,13.8
369,Nome,US,2022-07-13 21:41:47,64.5011,-165.4064,64.17,72,40,9.22
370,Gaoua,BF,2022-07-13 21:41:47,10.2992,-3.2508,78.84,67,56,6.2
371,Celestun,MX,2022-07-13 21:41:48,20.8667,-90.4,85.6,71,100,16.58
372,Nemuro,JP,2022-07-13 21:41:48,43.3236,145.575,60.17,94,96,7.87
373,Esil,KZ,2022-07-13 21:41:49,51.9556,66.4042,67.03,71,9,8.23
374,Havelock,US,2022-07-13 21:38:37,34.8791,-76.9013,87.78,83,89,8.01
375,Camana,PE,2022-07-13 21:41:50,-16.6228,-72.7111,61.59,78,19,6.44
376,Hadejia,NG,2022-07-13 21:41:50,12.4498,10.0444,81.52,59,71,11.88
377,Kilindoni,TZ,2022-07-13 21:41:50,-7.9139,39.6668,77.05,78,82,19.8
378,Itumbiara,BR,2022-07-13 21:41:51,-18.4192,-49.2153,74.71,31,37,6.24
379,Gwadar,PK,2022-07-13 21:41:47,25.1216,62.3254,85.39,82,100,5.75
380,Baykit,RU,2022-07-13 21:41:52,61.67,96.37,50.97,96,93,0.78
381,Urucui,BR,2022-07-13 21:41:52,-7.2294,-44.5561,86.54,36,44,11.25
382,Tadine,NC,2022-07-13 21:41:53,-21.55,167.8833,74.34,89,95,17.29
383,Tezu,IN,2022-07-13 21:41:53,27.9167,96.1667,76.77,95,96,4.81
384,Comodoro Rivadavia,AR,2022-07-13 21:41:09,-45.8667,-67.5,42.66,61,0,2.3
385,Mount Gambier,AU,2022-07-13 21:41:54,-37.8333,140.7667,47.91,84,56,1.7
386,Bemidji,US,2022-07-13 21:39:49,47.4736,-94.8803,79.18,60,100,4.61
387,Canutama,BR,2022-07-13 21:41:55,-6.5339,-64.3831,84.92,56,92,0.49
388,Cap-Aux-Meules,CA,2022-07-13 21:41:55,47.3821,-61.8597,69.85,64,20,12.66
389,Pachalum,GT,2022-07-13 21:41:56,14.9247,-90.6628,76.42,77,89,4.92
390,San-Pedro,CI,2022-07-13 21:41:57,4.7485,-6.6363,75.31,85,100,9.31
391,Namibe,AO,2022-07-13 21:41:57,-15.1961,12.1522,62.92,89,12,1.05
392,Porbandar,IN,2022-07-13 21:41:58,21.6422,69.6093,81.55,87,96,15.17
393,Luebo,CD,2022-07-13 21:41:58,-5.35,21.4167,72.18,38,11,2.48
394,Samana,DO,2022-07-13 21:41:58,19.2056,-69.3369,82.62,83,75,0.0
395,Pucallpa,PE,2022-07-13 21:41:59,-8.3791,-74.5539,89.64,55,40,4.61
396,Santa Catarina De Tepehuanes,MX,2022-07-13 21:42:00,25.35,-105.7333,75.47,49,70,15.14
397,Zyryanka,RU,2022-07-13 21:42:00,65.75,150.85,63.79,75,100,13.94
398,Tougan,BF,2022-07-13 21:42:01,13.0667,-3.0667,86.97,49,95,10.47
399,Caravelas,BR,2022-07-13 21:42:01,-17.7125,-39.2481,71.1,87,4,4.63
400,Hanzhong,CN,2022-07-13 21:37:38,33.0728,107.0303,75.09,97,100,1.72
401,Korem,ET,2022-07-13 21:42:02,12.5058,39.5228,58.41,72,100,7.92
402,Bure,ET,2022-07-13 21:42:03,10.7,37.0667,54.19,95,97,2.64
403,Maroantsetra,MG,2022-07-13 21:42:03,-15.4333,49.7333,68.41,86,45,4.63
404,Katobu,ID,2022-07-13 21:42:04,-4.9408,122.5276,72.09,87,92,4.43
405,Henties Bay,NA,2022-07-13 21:42:04,-22.116,14.2845,55.85,89,0,8.84
406,Chapais,CA,2022-07-13 21:42:05,49.7834,-74.8492,67.78,47,94,7.29
407,Mamallapuram,IN,2022-07-13 21:42:06,12.6264,80.1722,82.45,57,99,20.87
408,Polunochnoye,RU,2022-07-13 21:42:06,60.8697,60.4153,66.52,72,55,2.86
409,Moose Factory,CA,2022-07-13 21:42:06,51.2585,-80.6094,66.2,45,0,10.36
410,Boueni,YT,2022-07-13 21:42:07,-12.9025,45.0761,76.98,75,96,14.09
411,Leh,IN,2022-07-13 21:42:07,34.1667,77.5833,59.13,60,28,5.68
412,Sola,VU,2022-07-13 21:42:08,-13.8833,167.55,79.47,89,20,0.0
413,Stillwater,US,2022-07-13 21:38:32,36.1156,-97.0584,98.87,32,0,3.44
414,Berezovka,BY,2022-07-13 21:43:09,53.7214,25.4993,56.86,96,80,5.88
415,Seoul,KR,2022-07-13 21:43:10,37.5683,126.9778,72.97,94,75,4.61
416,Thoen,TH,2022-07-13 21:43:10,17.6129,99.2161,75.0,96,100,1.3
417,Camacupa,AO,2022-07-13 21:43:10,-12.0167,17.4833,56.08,42,6,4.03
418,San Rafael,AR,2022-07-13 21:40:39,-34.6177,-68.3301,48.31,38,5,3.76
419,Mirabela,BR,2022-07-13 21:43:11,-16.2628,-44.1644,70.03,43,75,2.98
420,Pemberton,CA,2022-07-13 21:43:12,50.3164,-122.8027,78.49,35,6,5.86
421,Maniitsoq,GL,2022-07-13 21:43:13,65.4167,-52.9,44.24,86,24,12.39
422,Kutum,SD,2022-07-13 21:43:13,14.2,24.6667,73.8,70,43,10.13
423,Cravo Norte,CO,2022-07-13 21:43:14,6.3017,-70.2041,80.85,79,88,6.69
424,Mier,MX,2022-07-13 21:43:14,26.4333,-99.15,105.49,19,6,9.64
425,Youghal,IE,2022-07-13 21:43:15,51.95,-7.8506,60.01,83,11,10.47
426,Roma,US,2022-07-13 21:39:14,43.2128,-75.4557,81.52,48,20,4.61
427,Balud,PH,2022-07-13 21:43:16,10.1476,123.6953,78.76,81,37,2.08
428,West Fargo,US,2022-07-13 21:43:16,46.875,-96.9004,83.01,46,40,8.05
429,Touros,BR,2022-07-13 21:38:17,-5.1989,-35.4608,76.35,84,41,13.22
430,Bubaque,GW,2022-07-13 21:43:17,11.2833,-15.8333,81.28,81,100,10.58
431,Bosaso,SO,2022-07-13 21:41:31,11.2842,49.1816,93.24,36,88,20.85
432,Port Pirie,AU,2022-07-13 21:43:18,-33.1833,138.0167,43.3,82,0,4.16
433,Amapa,BR,2022-07-13 21:43:19,1.0,-52.0,73.31,97,99,2.86
434,Beringovskiy,RU,2022-07-13 21:43:19,63.05,179.3167,50.9,86,90,8.1
435,Hualmay,PE,2022-07-13 21:43:20,-11.0964,-77.6139,63.59,76,15,11.59
436,Belyy Yar,RU,2022-07-13 21:43:21,53.6039,91.3903,53.49,87,0,2.24
437,Olkhovka,RU,2022-07-13 21:43:21,53.2115,60.6069,65.62,74,91,5.26
438,Sindor,RU,2022-07-13 21:43:22,62.8629,51.8905,64.62,86,65,4.21
439,Nogent-Le-Rotrou,FR,2022-07-13 21:43:22,48.3333,1.0,74.64,47,17,8.12
440,Los Llanos De Aridane,ES,2022-07-13 21:43:23,28.6585,-17.9182,67.75,86,0,3.44
441,Saint-Georges,GD,2022-07-13 21:41:45,12.0564,-61.7485,79.77,76,40,12.59
442,Gustrow,DE,2022-07-13 21:43:24,53.7972,12.1734,63.97,72,20,9.22
443,Itarema,BR,2022-07-13 21:43:24,-2.9248,-39.9167,79.32,81,52,17.36
444,Ziro,IN,2022-07-13 21:43:25,27.6333,93.8333,58.84,96,57,2.21
445,Tongliao,CN,2022-07-13 21:43:26,43.6125,122.2653,66.7,90,18,10.78
446,Karpathos,GR,2022-07-13 21:43:26,35.507,27.2132,73.36,68,0,29.93
447,Quatre Cocos,MU,2022-07-13 21:43:27,-20.2078,57.7625,65.08,80,78,15.3
448,Saint-Pierre,RE,2022-07-13 21:42:06,-21.3393,55.4781,65.91,79,40,9.22
449,Libourne,FR,2022-07-13 21:43:28,44.9167,-0.25,81.57,32,51,6.04
450,Aden,YE,2022-07-13 21:41:48,12.7794,45.0367,87.03,63,100,9.91
451,Vardo,NO,2022-07-13 21:43:28,70.3705,31.1107,51.78,100,100,9.22
452,Sakleshpur,IN,2022-07-13 21:43:29,12.9667,75.7833,65.79,96,100,14.85
453,Tessalit,ML,2022-07-13 21:43:29,20.1986,1.0114,94.57,22,28,7.38
454,Novoilinsk,RU,2022-07-13 21:43:30,51.6829,108.7143,62.13,67,66,3.31
455,Osmanabad,IN,2022-07-13 21:40:01,18.1667,76.05,68.38,94,100,15.57
456,Wewak,PG,2022-07-13 21:43:31,-3.5534,143.6268,79.84,85,100,3.6
457,Marzuq,YE,2022-07-13 21:44:31,14.4,46.4667,78.06,55,95,1.45
458,Kodinar,IN,2022-07-13 21:44:32,20.7903,70.7031,79.66,91,100,15.99
459,Qeshm,IR,2022-07-13 21:44:32,26.9581,56.2719,93.07,71,3,3.91
460,Inyonga,TZ,2022-07-13 21:44:33,-6.7167,32.0667,62.78,52,17,5.03
461,Minden,DE,2022-07-13 21:42:15,52.2833,8.9167,57.63,86,94,4.79
462,Bar Harbor,US,2022-07-13 21:44:34,44.3876,-68.2039,80.94,70,0,8.05
463,Vienna,AT,2022-07-13 21:41:18,48.2085,16.3721,75.79,52,0,5.75
464,Port Blair,IN,2022-07-13 21:42:49,11.6667,92.75,81.54,82,100,19.33
465,Liverpool,GB,2022-07-13 21:42:51,53.4106,-2.9779,60.75,69,0,3.44
466,Voh,NC,2022-07-13 21:44:35,-20.9667,164.7,70.5,78,95,8.88
467,Chenghai,CN,2022-07-13 21:44:35,23.4632,116.768,78.71,94,0,0.0
468,Shancheng,CN,2022-07-13 21:44:36,34.7953,116.0817,77.7,96,67,1.21
469,Aquiraz,BR,2022-07-13 21:44:36,-3.9014,-38.3911,80.69,84,85,9.33
470,Bandarban,BD,2022-07-13 21:44:37,22.1965,92.2262,75.52,95,13,2.42
471,Plettenberg Bay,ZA,2022-07-13 21:44:37,-34.0527,23.3716,56.88,56,9,7.36
472,Santa Maria,BR,2022-07-13 21:42:04,-29.6842,-53.8069,54.7,71,0,9.22
473,Hit,IQ,2022-07-13 21:44:38,33.6416,42.8251,91.0,16,0,12.91
474,Labuhan,ID,2022-07-13 21:44:38,-6.8844,112.2051,76.28,89,100,4.25
475,Sechura,PE,2022-07-13 21:44:39,-5.5569,-80.8222,72.46,59,22,17.45
476,Kysyl-Syr,RU,2022-07-13 21:44:39,63.8986,122.7617,66.42,87,53,1.57
477,Livenka,RU,2022-07-13 21:44:40,50.4491,38.2959,65.32,50,71,4.34
478,Cam Ranh,VN,2022-07-13 21:44:40,11.9214,109.1591,80.56,83,40,8.05
479,Warangal,IN,2022-07-13 21:44:41,18.0,79.5833,73.62,85,100,22.3
480,Orotukan,RU,2022-07-13 21:44:41,62.2667,151.7,74.8,57,0,7.38
481,Coquimbo,CL,2022-07-13 21:43:17,-29.9533,-71.3436,55.13,94,100,13.8
482,Manicore,BR,2022-07-13 21:44:42,-5.8092,-61.3003,89.55,55,0,4.61
483,Qiongshan,CN,2022-07-13 21:44:43,20.0058,110.3542,78.78,100,20,2.24
484,San Luis,AR,2022-07-13 21:40:02,-33.295,-66.3356,50.54,41,1,5.53
485,Jiwani,PK,2022-07-13 21:44:43,25.05,61.7417,85.87,83,100,6.55
486,Yuxia,CN,2022-07-13 21:44:44,34.0615,108.6291,77.61,94,99,1.14
487,Obihiro,JP,2022-07-13 21:41:40,42.9172,143.2044,64.47,95,100,5.08
488,Sao Jose Da Coroa Grande,BR,2022-07-13 21:44:44,-8.8978,-35.1478,75.63,80,43,9.78
489,Lerwick,GB,2022-07-13 21:44:45,60.1545,-1.1494,51.8,89,100,16.87
490,Sapele,NG,2022-07-13 21:44:46,5.8941,5.6767,73.72,96,99,3.11
491,Yenagoa,NG,2022-07-13 21:44:46,4.9247,6.2642,74.05,94,99,4.0
492,Wadi Maliz,TN,2022-07-13 21:44:46,36.4681,8.5495,82.06,58,0,3.94
493,Dusnok,HU,2022-07-13 21:44:47,46.3909,18.963,67.26,48,8,9.22
494,Nakasongola,UG,2022-07-13 21:44:47,1.3089,32.4564,67.05,62,81,3.0
495,San Cristobal,VE,2022-07-13 21:41:39,7.7669,-72.225,82.58,53,51,4.61
496,Moyale,KE,2022-07-13 21:44:48,3.5167,39.0584,67.57,62,78,9.66
497,Sarrebourg,FR,2022-07-13 21:44:48,48.7333,7.05,73.8,42,96,7.25
498,Teahupoo,PF,2022-07-13 21:44:49,-17.8333,-149.2667,75.16,70,35,15.39
499,Nsanje,MW,2022-07-13 21:44:49,-16.92,35.262,62.64,83,17,1.81
500,Trofors,NO,2022-07-13 21:44:50,65.5333,13.4063,51.67,82,100,3.44
501,Pitsunda,GE,2022-07-13 21:45:51,43.1592,40.3378,71.78,80,36,2.51
502,Karasjok,NO,2022-07-13 21:45:51,69.4719,25.5112,60.17,98,100,3.56
503,Saint-Joseph,RE,2022-07-13 21:45:52,-21.3667,55.6167,64.78,73,23,10.63
504,Bousso,TD,2022-07-13 21:45:52,10.4795,16.7117,74.28,83,100,5.12
505,Lahij,YE,2022-07-13 21:45:53,13.1667,44.5833,89.26,37,89,8.95
506,Pala,TD,2022-07-13 21:45:54,9.3642,14.9046,72.43,88,99,4.09
507,Pout,SN,2022-07-13 21:45:54,14.7739,-17.0603,79.56,73,0,8.05
508,Xuddur,SO,2022-07-13 21:45:55,4.1213,43.8894,74.08,73,34,22.28
509,Dunkirk,FR,2022-07-13 21:45:56,51.05,2.3667,69.01,84,100,1.01
510,Laguna,US,2022-07-13 21:45:56,38.421,-121.4238,94.14,37,0,8.05
511,Comrie,GB,2022-07-13 21:45:57,56.3791,-3.9949,54.82,88,52,4.72
512,Rio Grande,BR,2022-07-13 21:43:44,-32.035,-52.0986,51.91,80,0,15.1
513,Kamuli,UG,2022-07-13 21:45:57,0.9472,33.1197,63.5,75,83,2.55
514,Linares,CL,2022-07-13 21:43:27,-35.85,-71.6,45.41,89,100,3.09
515,Kvarkeno,RU,2022-07-13 21:45:58,52.0833,59.725,68.58,63,98,7.65
516,Mecca,SA,2022-07-13 21:45:59,21.4267,39.8261,89.33,34,96,3.02
517,Tigil,RU,2022-07-13 21:45:59,57.8,158.6667,70.75,48,66,11.41
518,Vanimo,PG,2022-07-13 21:46:00,-2.6741,141.3028,77.67,89,43,2.21
519,Constitucion,CL,2022-07-13 21:46:00,-35.3333,-72.4167,48.65,93,100,8.79
520,Verkhnevilyuysk,RU,2022-07-13 21:46:01,63.4453,120.3167,61.97,96,99,3.29
521,Zapadnaya Dvina,RU,2022-07-13 21:46:02,56.259,32.0745,53.28,95,99,4.92
522,Kavaratti,IN,2022-07-13 21:46:02,10.5669,72.642,81.12,81,100,21.74
523,Fershampenuaz,RU,2022-07-13 21:46:02,53.5202,59.8117,64.53,84,43,6.2
524,Verkh-Suetka,RU,2022-07-13 21:46:03,53.3,80.05,54.73,75,91,5.61
525,Purpe,RU,2022-07-13 21:46:03,64.4803,76.6897,57.51,55,100,2.86
526,Piacabucu,BR,2022-07-13 21:46:04,-10.4056,-36.4344,73.74,83,14,7.72
527,Ayan,RU,2022-07-13 21:46:05,56.45,138.1667,59.5,97,100,7.4
528,Poiares,PT,2022-07-13 21:46:05,40.2103,-8.2575,83.37,35,80,4.21
529,Panguna,PG,2022-07-13 21:46:06,-6.3164,155.4848,70.84,90,92,1.68
530,Le Port,RE,2022-07-13 21:46:07,-20.9373,55.2919,66.25,81,29,3.67
531,Hvide Sande,DK,2022-07-13 21:46:07,56.0045,8.1294,58.08,71,1,22.35
532,Buraydah,SA,2022-07-13 21:46:08,26.326,43.975,93.65,13,100,9.04
533,Cairns,AU,2022-07-13 21:46:08,-16.9167,145.7667,57.15,54,5,12.66
534,Mehamn,NO,2022-07-13 21:41:13,71.0357,27.8492,55.35,94,100,2.3
535,Phayao,TH,2022-07-13 21:46:09,19.25,100.25,72.37,100,100,0.25
536,Arman,RU,2022-07-13 21:46:09,59.7,150.1667,71.02,67,49,3.42
537,Sur,OM,2022-07-13 21:46:10,22.5667,59.5289,90.91,60,97,4.36
538,Mehriz,IR,2022-07-13 21:46:11,31.5917,54.4318,73.9,16,0,4.81
539,Bundaberg,AU,2022-07-13 21:46:11,-24.85,152.35,51.22,69,0,4.0
540,Vila,PT,2022-07-13 21:46:12,42.0304,-8.1588,74.28,66,100,3.87
541,Catalina,US,2022-07-13 21:46:12,32.5056,-110.9211,103.89,30,88,4.0
542,Nchelenge,ZM,2022-07-13 21:46:13,-9.3451,28.734,68.81,56,47,7.65
543,Angren,UZ,2022-07-13 21:47:14,41.0167,70.1436,70.79,43,1,6.06
544,Svetlyy,RU,2022-07-13 21:47:15,54.675,20.1347,64.96,81,0,15.55
545,Yerbogachen,RU,2022-07-13 21:47:16,61.2767,108.0108,53.42,65,100,4.5
546,Tekit,MX,2022-07-13 21:47:16,20.5333,-89.3333,88.48,51,100,6.76
547,Rameshki,RU,2022-07-13 21:47:17,57.3439,36.0453,57.13,82,48,4.05
548,Statesboro,US,2022-07-13 21:47:03,32.4488,-81.7832,87.33,66,0,8.05
549,Camargo,MX,2022-07-13 21:47:17,27.6667,-105.1667,90.45,26,88,11.59
550,Jamame,SO,2022-07-13 21:47:18,0.0722,42.7506,75.63,85,98,15.32
551,Broken Hill,AU,2022-07-13 21:47:18,-31.95,141.4333,39.07,85,0,6.58
552,Pingliang,CN,2022-07-13 21:47:19,35.5392,106.6861,68.52,95,97,3.22
553,Lasa,IT,2022-07-13 21:47:20,46.6166,10.7002,74.28,81,56,1.63
